{
  "project_info": {
    "project_number": "804774817113",
    "firebase_url": "https://raidupap-default-rtdb.firebaseio.com",
    "project_id": "raidupap",
    "storage_bucket": "raidupap.appspot.com"
  },
  "client": [
    {
      "client_info": {
        "mobilesdk_app_id": "1:804774817113:android:7355c37f74cf3d22c43048",
        "android_client_info": {
          "package_name": "com.example.raiteupap"
        }
      },
      "oauth_client": [],
      "api_key": [
        {
          "current_key": "AIzaSyB6AAUml6kXmvoH8rAc27q2ZINu6dkWuUo"
        }
      ],
      "services": {
        "appinvite_service": {
          "other_platform_oauth_client": []
        }
      }
    }
  ],
  "configuration_version": "1"
}